epoch,train_loss,val_loss,lr
1,3.8838,3.7129,0.0003
2,3.6896,3.6942,0.000255
3,3.6854,3.6963,0.000217
